Gaia DR3,RA,DEC,Gmag,Bp-Rp,Voff(km/s),Sep(deg),3D(pc),Vr(pred),Vr(obs),Vrerr,Plx(mas),SpT,FnuvJ,W1-W3,RUWE,XCrate,RVsrc
Gaia DR3 5557593814516968960,104.7498583,-47.0233670,7.277,-0.029,0.000,0.0000,0.0000,29.57,29.57,0.53,6.584,A0.2,0.055635,-0.09,0.972,nan,Gaia DR3
Gaia DR3 5557612712373718656,104.6216648,-46.7726207,13.458,1.624,0.084,0.2656,1.5816,29.57,32.80,3.57,6.646,K5.6,0.000361,0.18,1.100,nan,Gaia DR3
Gaia DR3 5509278043777101184,105.4685322,-47.9469375,17.201,3.024,1.043,1.0435,3.7992,29.56,nan,nan,6.474,M4.2,nan,nan,1.010,nan,None
Gaia DR3 5508808071275846400,107.1401605,-48.0043760,12.929,1.393,0.932,1.8890,6.2892,29.42,29.47,6.41,6.426,K4.6,0.000628,0.11,0.958,nan,Gaia DR3
Gaia DR3 5508173137670240256,105.9251730,-49.2576445,16.536,2.858,4.966,2.3679,6.5738,29.58,nan,nan,6.676,M3.8,nan,0.86,1.033,nan,None
Gaia DR3 5508841090984180864,106.1988552,-48.0953203,14.505,2.350,0.246,1.4509,6.5790,29.51,-3.67,9.38,6.826,M2.5,0.000325,0.34,1.928,nan,Gaia DR3
Gaia DR3 5509846315193777792,108.1775500,-46.3584422,16.891,3.235,1.196,2.4431,6.7631,29.24,nan,nan,6.676,M4.7,nan,nan,1.249,nan,None
Gaia DR3 5558027228256933632,105.4098324,-46.2323721,16.510,3.058,0.255,0.9116,6.7943,29.47,nan,nan,6.872,M4.3,nan,nan,1.040,nan,None
Gaia DR3 5558581072879333632,102.7452039,-46.2508386,16.321,2.877,3.509,1.5783,7.1695,29.68,nan,nan,6.343,M3.8,nan,nan,1.019,nan,None
Gaia DR3 5558030801669729664,105.6530564,-46.0527603,15.776,2.734,0.619,1.1524,7.4067,29.44,nan,nan,6.892,M3.6,0.001678,nan,1.044,nan,None
Gaia DR3 5552542451940140288,101.2720037,-46.7929750,10.594,0.815,4.476,2.3869,7.9036,29.81,14.48,0.63,6.390,G1.5,0.006332,0.02,4.069,nan,Gaia DR3
Gaia DR3 5552566602539097984,102.1856979,-46.5004447,19.488,2.927,2.030,1.8326,7.9563,29.73,nan,nan,6.873,M4.0,nan,nan,1.066,nan,None
Gaia DR3 5505455346787590656,107.3514499,-49.6083621,12.010,1.145,3.419,3.1101,8.2800,29.47,5.19,0.49,6.559,K2.3,nan,0.05,1.347,nan,Gaia DR3
Gaia DR3 5508273983502423424,103.5868995,-49.7831848,14.986,2.161,2.086,2.8657,8.3726,29.77,25.83,3.96,6.443,M1.4,nan,-0.06,1.070,nan,Gaia DR3
Gaia DR3 5551301137671778048,101.4099128,-48.7927230,14.765,2.321,2.433,2.8531,8.9587,29.89,73.69,2.77,6.808,M2.4,nan,0.16,1.019,nan,Gaia DR3
Gaia DR3 5558500224415669632,106.5991682,-44.4426804,14.895,2.314,3.738,2.8853,9.0238,29.24,13.64,8.75,6.808,M2.3,nan,0.10,0.974,0.033,Gaia DR3
Gaia DR3 5510237706972009600,109.3892500,-47.4447866,11.862,1.102,4.061,3.1777,9.1103,29.19,16.62,0.42,6.446,K2.0,nan,0.03,0.833,nan,Gaia DR3
Gaia DR3 5551545332332375552,100.1486359,-48.5567988,17.708,3.172,1.089,3.4500,9.1935,29.96,nan,nan,6.639,M4.5,0.001503,nan,0.957,nan,None
Gaia DR3 5503232134277157760,101.2594666,-49.4303901,18.396,3.223,2.294,3.3460,9.6186,29.92,nan,nan,6.762,M4.7,nan,nan,0.969,nan,None
Gaia DR3 5558474970008117760,107.6437292,-44.1758894,13.367,1.627,3.075,3.4934,9.6829,29.12,65.07,1.43,6.723,K5.6,nan,0.07,0.961,nan,Gaia DR3
Gaia DR3 5508652726603033984,109.1833933,-48.1484143,20.094,2.727,1.518,3.1944,9.8242,29.25,nan,nan,6.384,M3.6,nan,nan,1.033,nan,None
Gaia DR3 5551322578148763264,100.1563196,-49.1265308,15.776,2.642,3.829,3.7196,9.8654,29.97,nan,nan,6.577,M3.4,nan,0.40,0.998,nan,None
Gaia DR3 5508211891157320320,103.9773785,-49.9683242,19.279,3.419,1.251,2.9891,10.0590,29.75,nan,nan,6.874,M5.1,nan,nan,1.045,nan,None
Gaia DR3 5507182202817068160,110.0058676,-47.8638266,16.491,2.893,4.031,3.6519,10.1562,29.16,nan,nan,6.735,M3.9,nan,nan,1.046,nan,None
Gaia DR3 5556211075565637120,101.2594027,-44.5339499,15.803,2.911,1.203,3.4812,10.3392,29.67,43.48,4.71,6.806,M3.9,nan,0.37,1.121,nan,Gaia DR3
Gaia DR3 5503096795563712128,102.8652260,-49.2934894,7.575,0.109,4.600,2.5948,10.5879,29.81,24.74,0.74,6.960,A3.3,0.028254,-0.08,0.843,nan,Gaia DR3
Gaia DR3 5551290932829456768,100.8355417,-49.0716784,16.009,2.732,3.658,3.3224,10.9095,29.93,nan,nan,6.326,M3.6,0.001092,nan,1.045,nan,None
Gaia DR3 5558952982687365376,102.5274493,-44.7505677,14.221,1.941,4.025,2.7490,10.9499,29.60,2.89,3.73,6.255,M0.5,nan,0.08,1.598,nan,Gaia DR3
Gaia DR3 5562395416155466496,103.3717208,-42.9050498,16.061,2.726,4.276,4.2320,11.2081,29.38,nan,nan,6.603,M3.5,nan,0.16,1.037,nan,None
Gaia DR3 5555380974349836928,99.0237930,-46.5477742,17.906,3.289,1.066,3.9486,11.2952,29.94,nan,nan,6.419,M4.8,nan,nan,0.998,nan,None
Gaia DR3 5552485964529593856,100.3354075,-47.1897098,15.649,2.471,1.472,3.0088,11.3110,29.89,nan,nan,6.262,M2.9,0.001720,nan,1.051,nan,None
Gaia DR3 5562395416155465472,103.3697346,-42.9042450,14.274,2.004,4.162,4.2331,11.3577,29.38,12.08,5.74,6.524,M0.7,nan,0.16,0.980,nan,Gaia DR3
Gaia DR3 5558793931458609024,104.0247548,-44.9488537,16.496,2.864,3.340,2.1348,11.8045,29.50,nan,nan,6.168,M3.8,nan,nan,0.999,nan,None
Gaia DR3 5562601574585730944,104.4555929,-42.6065554,7.579,0.315,3.207,4.4217,11.8166,29.27,23.29,0.66,6.535,A7.4,0.023829,-0.06,3.596,nan,Gaia DR3
Gaia DR3 5507972167559966720,105.0732583,-50.1766084,16.578,2.803,4.596,3.1605,11.9493,29.67,nan,nan,6.243,M3.7,nan,nan,1.075,nan,None
Gaia DR3 5562420047789609088,104.1696112,-42.4909645,17.504,2.987,2.167,4.5511,12.1547,29.28,nan,nan,6.537,M4.1,nan,nan,1.082,nan,None
Gaia DR3 5556127817622335360,99.1024094,-44.9903943,19.236,3.726,1.497,4.4166,12.2196,29.84,nan,nan,6.762,M5.7,nan,nan,1.172,nan,None
Gaia DR3 5563082778424141184,102.0865364,-43.0562229,8.152,0.261,2.808,4.3902,12.3660,29.49,33.25,8.02,6.792,A7.0,0.022106,-0.05,1.186,0.017,Gaia DR3
Gaia DR3 5563088933115228800,102.1834534,-42.8342729,13.972,0.000,1.215,4.5655,12.3782,29.47,nan,nan,6.723,nan,0.000072,0.00,1.444,0.025,None
Gaia DR3 5562570582102150784,105.4092703,-42.5179256,10.572,0.822,3.482,4.5296,12.4670,29.18,31.51,0.44,6.756,G1.9,0.006379,0.05,1.002,nan,Gaia DR3
Gaia DR3 5504741213984785152,105.8322930,-51.4136180,18.602,3.583,3.102,4.4467,12.4993,29.64,nan,nan,6.426,M5.4,0.007853,nan,1.078,nan,None
Gaia DR3 5504497161061675648,109.6312404,-50.2199811,10.703,0.801,2.513,4.5402,12.5980,29.30,30.22,0.37,6.445,G0.9,nan,0.01,0.969,nan,Gaia DR3
Gaia DR3 5559774008636747520,108.1376852,-44.3411550,11.057,0.868,3.689,3.5765,12.5996,29.09,31.61,0.34,6.254,G5.9,0.003079,-0.15,0.892,nan,Gaia DR3
Gaia DR3 5556468567444528896,98.3051818,-45.3785901,8.037,0.159,1.845,4.7524,12.5998,29.91,32.96,0.24,6.635,A3.9,0.038110,-0.02,0.887,nan,Gaia DR3
Gaia DR3 5555958424113528960,101.8632944,-44.8126760,20.225,2.732,1.818,2.9862,12.8970,29.65,nan,nan,6.178,M3.6,nan,nan,1.078,nan,None
Gaia DR3 5558050730317859456,106.5608627,-45.8332665,13.712,1.648,0.239,1.7246,12.9181,29.35,27.73,11.15,6.101,K5.7,nan,-0.04,0.989,nan,Gaia DR3
Gaia DR3 5557488050948140032,103.9818810,-47.3892081,19.208,3.110,1.054,0.6372,13.0014,29.65,nan,nan,6.069,M4.4,nan,nan,1.080,nan,None
Gaia DR3 5563122365140128384,102.6796968,-42.5582859,17.379,3.116,1.557,4.7001,13.0765,29.40,nan,nan,6.436,M4.4,nan,nan,1.064,nan,None
Gaia DR3 5560916057620656768,107.4174348,-42.4592044,14.891,2.398,3.921,4.9410,13.1523,28.99,-7.26,2.84,6.550,M2.7,nan,0.32,5.463,nan,Gaia DR3
Gaia DR3 5556969017034559744,99.0046245,-44.2371376,15.052,2.169,1.249,4.8871,13.1649,29.79,5.85,5.27,6.504,M1.5,nan,0.32,1.015,nan,Gaia DR3
Gaia DR3 5508911558511041536,107.6574285,-47.6910329,18.996,3.507,4.489,2.0796,13.1761,29.36,nan,nan,6.107,M5.3,nan,nan,1.587,nan,None
Gaia DR3 5511401849267718784,109.5608612,-45.2984631,11.849,1.028,2.193,3.7513,13.3113,29.03,28.54,0.63,6.234,K1.4,0.001135,0.03,0.953,nan,Gaia DR3
Gaia DR3 5556488908409548288,97.9851726,-45.1820317,15.067,2.358,1.711,5.0368,13.3358,29.92,31.75,7.07,6.601,M2.5,nan,0.05,0.964,nan,Gaia DR3
Gaia DR3 5559798438410285824,108.2205912,-43.8851844,7.253,0.073,0.085,3.9710,13.3663,29.04,nan,nan,6.259,A2.2,0.039948,-0.12,1.936,nan,None
Gaia DR3 5556489114567976576,97.9819781,-45.1740857,15.865,2.701,1.780,5.0421,13.3878,29.92,nan,nan,6.565,M3.5,nan,nan,1.038,nan,None
Gaia DR3 5559986076941849728,108.0779173,-43.8417938,16.084,3.034,0.496,3.9459,13.4913,29.05,nan,nan,6.993,M4.2,nan,nan,1.009,nan,None
Gaia DR3 5556362773809838976,97.5547892,-45.8243429,17.591,3.178,3.941,5.1005,13.5082,29.98,nan,nan,6.627,M4.6,nan,nan,1.048,nan,None
Gaia DR3 5506174053733162752,111.6757809,-48.7892609,9.581,0.624,3.708,4.9650,13.5495,29.04,31.63,0.44,6.468,F5.6,nan,0.01,1.108,nan,Gaia DR3
Gaia DR3 5498838760690702464,103.0036835,-52.0136923,20.323,2.538,3.988,5.1171,13.5652,29.85,nan,nan,6.579,M3.1,nan,nan,1.107,nan,None
Gaia DR3 5562612397904487040,104.8395162,-42.3469662,18.374,3.372,1.910,4.6768,13.7615,29.21,nan,nan,6.879,M5.0,nan,nan,1.005,nan,None
Gaia DR3 5563088933114346112,102.1836332,-42.8340140,12.800,1.494,2.823,4.5657,13.7793,29.47,28.14,2.06,6.907,K5.2,nan,0.00,2.099,0.025,Gaia DR3
Gaia DR3 5509333947070955648,103.2046884,-48.5131901,16.619,2.924,4.637,1.8160,13.8915,29.75,nan,nan,7.206,M3.9,nan,nan,1.029,nan,None
Gaia DR3 5506868670205029888,109.9822702,-48.8525661,17.809,3.190,4.610,3.9527,14.0023,29.21,nan,nan,7.031,M4.6,nan,nan,1.118,nan,None
Gaia DR3 5507915130394590592,104.5185648,-50.8253743,10.512,0.755,3.365,3.8050,14.0469,29.73,31.06,0.33,6.198,F9.4,nan,0.05,1.049,nan,Gaia DR3
Gaia DR3 5558428236465092992,106.4998562,-44.9236992,18.117,3.439,0.560,2.4263,14.1287,29.29,nan,nan,7.186,M5.2,nan,nan,0.967,nan,None
Gaia DR3 5552792659554366976,100.6371876,-45.9623595,12.057,1.087,1.173,3.0232,14.1559,29.80,30.84,0.52,6.122,K1.9,nan,-0.00,0.877,nan,Gaia DR3
Gaia DR3 5556014297341301504,101.6205089,-44.5709229,15.832,0.000,3.121,3.2819,14.3185,29.65,nan,nan,7.130,nan,nan,0.32,1.002,0.029,None
Gaia DR3 5498603984893965824,103.6201846,-52.3222988,14.805,2.102,3.565,5.3489,14.4200,29.81,68.91,2.74,6.495,M1.1,nan,0.33,1.079,nan,Gaia DR3
Gaia DR3 5555522364673523072,97.6384407,-46.5277244,19.433,2.956,4.081,4.8937,14.5527,30.01,nan,nan,6.911,M4.0,0.003824,nan,0.986,nan,None
Gaia DR3 5498790352113650560,103.5114789,-52.3151115,17.440,2.923,1.773,5.3519,14.5616,29.82,nan,nan,6.764,M3.9,nan,nan,1.027,nan,None
Gaia DR3 5562752723075304064,105.8407930,-41.5653609,17.988,3.492,2.271,5.5134,14.5957,29.04,nan,nan,6.628,M5.3,nan,nan,1.000,nan,None
Gaia DR3 5559066880924246144,103.4759215,-44.3386575,20.475,2.822,1.627,2.8283,14.6369,29.49,nan,nan,6.088,M3.7,nan,nan,1.197,nan,None
Gaia DR3 5509585563435304192,105.5429728,-46.7579882,16.744,3.030,0.308,0.6035,14.7005,29.49,nan,nan,7.285,M4.2,nan,nan,0.993,nan,None
Gaia DR3 5505188783937515008,107.4046722,-50.3546445,17.110,2.793,1.626,3.7636,14.7323,29.49,nan,nan,6.158,M3.7,nan,nan,1.000,nan,None
Gaia DR3 5504552514599147136,104.7134768,-52.2976039,16.694,3.033,4.424,5.2743,14.8192,29.73,nan,nan,6.837,M4.2,nan,nan,1.010,nan,None
Gaia DR3 5562463100542584320,103.1650176,-42.5044459,6.427,0.550,3.303,4.6566,14.8731,29.36,28.94,1.91,6.990,F4.1,nan,0.06,8.909,nan,Gaia DR3
Gaia DR3 5559242287387503872,105.5068441,-43.9811392,20.078,2.399,1.704,3.0881,14.9900,29.30,nan,nan,6.089,M2.7,nan,nan,1.031,nan,None
Gaia DR3 5556148605264157696,100.0413027,-44.6360173,12.680,1.398,0.569,4.0564,15.0789,29.76,30.74,1.76,7.096,K4.7,nan,0.03,3.399,nan,Gaia DR3
Gaia DR3 5558169718092545920,106.7889458,-45.3080697,15.919,2.754,1.223,2.2217,15.1119,29.29,nan,nan,7.254,M3.6,nan,nan,1.006,nan,None
Gaia DR3 5563411158740625408,102.0888316,-41.7740020,17.460,3.213,1.980,5.5822,15.1297,29.37,nan,nan,6.476,M4.6,nan,nan,0.969,nan,None
Gaia DR3 5510379891868246528,110.5695931,-46.5667964,16.118,2.787,1.211,4.0094,15.1747,29.02,nan,nan,7.109,M3.7,nan,nan,0.961,nan,None
Gaia DR3 5498573920120612992,103.3497269,-52.5399378,18.969,3.350,2.003,5.5899,15.2794,29.83,nan,nan,6.787,M5.0,nan,0.40,0.986,nan,None
Gaia DR3 5502435228866364416,99.1335216,-51.5904476,18.735,3.483,4.015,5.8503,15.5104,30.07,nan,nan,6.661,M5.3,nan,nan,1.162,nan,None
Gaia DR3 5498573920122510976,103.3511225,-52.5405670,15.820,2.553,1.789,5.5903,15.5285,29.83,nan,nan,6.828,M3.2,nan,0.40,1.031,nan,None
Gaia DR3 5569411876591510400,100.2477477,-42.3164138,12.324,1.236,2.247,5.6905,15.5574,29.56,26.99,0.93,6.792,K3.3,nan,0.07,0.930,nan,Gaia DR3
Gaia DR3 5562875490419788032,104.4974041,-41.7651852,16.024,2.643,3.165,5.2613,15.7120,29.18,nan,nan,6.309,M3.4,nan,nan,1.007,nan,None
Gaia DR3 5561054213832222720,108.3004259,-41.7886471,17.898,3.212,1.496,5.8153,15.8247,28.83,nan,nan,6.784,M4.6,nan,nan,0.994,nan,None
Gaia DR3 5550613564947437440,96.2739824,-48.6901291,9.624,0.634,3.591,5.9228,16.1331,30.16,28.89,1.92,6.791,F5.9,0.023956,0.02,5.163,nan,Gaia DR3
Gaia DR3 5561235358371617152,107.6649593,-41.2651281,7.713,0.173,4.400,6.1252,16.3264,28.84,nan,nan,6.536,A4.1,nan,-0.10,3.247,nan,None
Gaia DR3 5558253899451406720,107.4485378,-44.8103376,10.253,0.809,3.137,2.9018,16.4421,29.19,nan,nan,6.016,G1.2,nan,0.00,12.805,0.038,None
Gaia DR3 5555652175763749632,98.5102380,-46.0245976,15.575,2.717,4.853,4.4065,16.6606,29.94,nan,nan,7.166,M3.5,0.000321,0.37,4.440,nan,None
Gaia DR3 5510102467042492800,106.8378767,-45.9226546,18.807,3.302,1.755,1.8108,16.7230,29.33,nan,nan,5.959,M4.9,nan,nan,0.913,nan,None
Gaia DR3 5556014297343589248,101.6203796,-44.5706579,15.330,2.550,4.214,3.2822,16.8446,29.65,nan,nan,7.288,M3.2,nan,0.32,1.562,0.029,None
Gaia DR3 5501662100392398080,98.9866231,-52.0481236,19.097,3.096,2.596,6.2597,16.9258,30.08,nan,nan,6.781,M4.3,nan,nan,1.019,nan,None
Gaia DR3 5564549221995928704,105.8371567,-40.5979643,14.504,2.118,4.973,6.4729,17.1250,28.94,3.34,4.91,6.640,M1.2,nan,0.18,1.045,nan,Gaia DR3
Gaia DR3 5503727223746132608,106.0950115,-52.8178681,19.015,3.614,1.064,5.8586,17.2273,29.64,nan,nan,6.965,M5.5,nan,nan,1.126,nan,None
Gaia DR3 5497715235901280896,103.6930177,-53.4671913,15.662,2.950,1.626,6.4790,17.3314,29.80,41.50,6.69,6.742,M4.0,nan,0.30,1.130,nan,Gaia DR3
Gaia DR3 5507576205937790592,113.4734204,-46.4537265,17.680,2.960,4.429,6.0024,17.3360,28.70,nan,nan,6.940,M4.0,nan,nan,1.002,nan,None
Gaia DR3 5568918436389311104,97.3899876,-43.5565488,20.065,2.528,3.200,6.2271,17.3430,29.83,nan,nan,6.870,M3.1,nan,nan,1.087,nan,None
Gaia DR3 5502631770864380032,97.2291058,-51.3717218,16.320,2.718,3.988,6.5561,17.4631,30.17,nan,nan,6.538,M3.5,nan,nan,1.134,nan,None
Gaia DR3 5503457126140166912,105.6682770,-53.5777980,15.682,2.517,1.565,6.5805,17.4722,29.67,nan,nan,6.561,M3.1,nan,0.30,1.043,nan,None
Gaia DR3 5509009488062151808,108.6916788,-46.8496709,5.704,-0.126,4.052,2.6968,17.5273,29.22,nan,nan,7.369,B6.5,nan,-0.05,1.390,nan,None
Gaia DR3 5556700289519887872,96.4298172,-44.7600212,17.612,3.257,3.701,6.2136,17.5381,29.97,nan,nan,6.902,M4.8,nan,nan,1.063,nan,None
Gaia DR3 5558952978389910912,102.5304589,-44.7500539,11.311,0.937,4.226,2.7483,17.5863,29.60,5.52,0.97,5.963,G8.7,nan,0.08,4.397,nan,Gaia DR3
Gaia DR3 5569393150533313280,99.3114706,-42.1824364,12.962,1.412,1.100,6.1957,17.6868,29.61,31.31,1.68,6.344,K4.8,nan,0.06,1.052,0.018,Gaia DR3
Gaia DR3 5511770185664060928,110.3131668,-43.9555237,18.823,4.015,4.098,4.9600,17.7449,28.84,nan,nan,7.175,M6.1,nan,nan,1.371,nan,None
Gaia DR3 5551870542958584448,97.5119827,-48.9061736,11.764,1.205,3.208,5.1967,17.7496,30.11,-3.80,0.73,7.141,K2.9,0.000496,0.07,2.779,nan,Gaia DR3
Gaia DR3 5555858785167602432,99.9725282,-45.7404229,10.878,0.883,1.805,3.5358,17.7529,29.83,28.95,0.40,7.325,G7.2,0.003929,-0.01,0.867,nan,Gaia DR3
Gaia DR3 5508006973975029376,104.2077066,-50.1986656,18.130,3.345,3.855,3.1954,17.8987,29.74,nan,nan,7.360,M5.0,nan,nan,0.966,nan,None
Gaia DR3 5568990767934110208,96.1606065,-43.8760863,17.538,3.168,1.088,6.7928,17.9645,29.92,nan,nan,6.629,M4.5,0.005883,nan,0.949,0.018,None
Gaia DR3 5553667355413928832,95.1016398,-48.4565999,17.481,3.072,0.598,6.6399,17.9887,30.21,nan,nan,6.804,M4.3,nan,nan,0.962,nan,None
Gaia DR3 5563971188116686080,103.5856744,-40.2806341,13.812,1.819,1.388,6.7949,18.0002,29.10,32.65,1.73,6.677,K7.9,nan,-0.02,1.006,nan,Gaia DR3
Gaia DR3 5556542543961114624,98.0711087,-44.9882467,12.899,1.366,3.053,5.0635,18.0065,29.90,27.70,1.09,6.123,K4.4,0.000229,0.03,1.172,nan,Gaia DR3
Gaia DR3 5558088972706739712,105.7134246,-45.7984137,16.703,2.698,2.675,1.3935,18.0561,29.42,nan,nan,5.899,M3.5,0.008227,nan,1.043,nan,None
Gaia DR3 5555977498064012544,100.9158018,-45.0648906,18.157,3.357,2.139,3.3036,18.0946,29.73,nan,nan,5.971,M5.0,nan,nan,1.022,nan,None
Gaia DR3 5563971188116686464,103.5864829,-40.2828463,15.980,3.042,1.311,6.7926,18.1122,29.10,nan,nan,6.734,M4.2,nan,-0.02,1.108,nan,None
Gaia DR3 5511168413505352832,112.8580661,-44.4139371,17.174,2.702,2.538,6.2294,18.1240,28.60,nan,nan,6.308,M3.5,nan,nan,1.041,nan,None
Gaia DR3 5493483765403861760,112.8651281,-51.3867190,16.762,2.633,2.673,6.8598,18.1422,29.03,nan,nan,6.621,M3.4,nan,nan,1.021,nan,None
Gaia DR3 5494199203876098560,113.4111312,-49.8192414,17.020,3.124,4.657,6.3867,18.1423,28.91,nan,nan,6.929,M4.4,nan,nan,1.209,nan,None
Gaia DR3 5562990595544045056,105.6514718,-40.9282130,13.288,1.641,3.032,6.1295,18.2474,28.99,21.49,4.24,6.274,K5.7,0.000287,0.16,9.373,nan,Gaia DR3
Gaia DR3 5549555388084040192,96.5706428,-49.8942190,16.438,2.632,3.874,6.1323,18.3368,30.18,nan,nan,6.267,M3.4,nan,nan,0.991,nan,None
Gaia DR3 5563483756570246528,101.7299655,-41.3524327,19.282,3.337,0.866,6.0691,18.3749,29.36,nan,nan,6.251,M4.9,nan,nan,1.104,nan,None
Gaia DR3 5570013515609539712,98.2163672,-41.8554187,14.804,2.580,2.409,6.9570,18.4044,29.64,-45.42,6.61,6.609,M3.2,nan,0.36,1.065,nan,Gaia DR3
Gaia DR3 5570013519906502400,98.2190303,-41.8561191,18.034,3.220,2.600,6.9552,18.4204,29.64,nan,nan,6.678,M4.7,nan,0.36,1.028,nan,None
Gaia DR3 5492080582407617792,110.1616280,-52.0859208,5.358,-0.071,2.171,6.1570,18.4310,29.30,nan,nan,6.265,B8.9,nan,nan,1.044,nan,None
Gaia DR3 5501870737019402880,102.4995125,-51.7014839,16.732,2.798,1.260,4.9017,18.5480,29.88,nan,nan,7.242,M3.7,nan,nan,1.014,nan,None
Gaia DR3 5555455230040264064,98.5264799,-46.2837969,20.030,3.249,4.278,4.3341,18.5713,29.95,nan,nan,6.022,M4.7,nan,nan,1.087,nan,None
Gaia DR3 5502935270433290880,100.8749491,-50.2948230,16.811,2.909,4.612,4.1525,18.6862,29.96,nan,nan,6.003,M3.9,nan,nan,1.023,nan,None
Gaia DR3 5501473637227544320,98.6527011,-52.9109722,17.970,3.308,0.963,7.0686,18.7010,30.10,nan,nan,6.663,M4.9,nan,nan,1.175,nan,None
Gaia DR3 5512207898669493632,110.9916796,-43.3387009,10.847,0.878,1.825,5.7356,18.7124,28.71,8.62,0.56,7.134,G6.8,0.003612,0.07,1.859,nan,Gaia DR3
Gaia DR3 5511221804240074752,112.7272496,-44.2278899,18.654,3.019,1.303,6.2360,18.7688,28.60,nan,nan,6.253,M4.2,nan,nan,1.011,nan,None
Gaia DR3 5511525132010026240,110.1117962,-44.6701718,17.737,3.121,3.259,4.4130,18.7970,28.92,nan,nan,6.019,M4.4,nan,nan,1.034,nan,None
Gaia DR3 5492092260419896576,109.5421299,-52.0327691,7.993,0.132,2.066,5.8936,18.8672,29.35,19.96,0.76,6.184,A3.6,nan,0.04,0.869,nan,Gaia DR3
Gaia DR3 5557222488823966592,99.8624067,-43.3292178,14.293,2.332,1.907,5.0494,18.8903,29.67,53.27,6.24,7.249,M2.4,nan,0.27,1.115,nan,Gaia DR3
Gaia DR3 5493768882512710912,112.6952138,-50.5244126,17.319,3.307,4.422,6.2936,18.9047,29.02,nan,nan,7.042,M4.9,nan,nan,0.995,nan,None
Gaia DR3 5501127020482099712,96.7319500,-51.5720133,15.402,2.468,1.127,6.9232,18.9145,30.19,nan,nan,6.430,M2.9,nan,0.27,1.025,nan,None
Gaia DR3 5497625969300443776,102.6389314,-53.7188820,9.868,0.666,1.460,6.8287,19.0252,29.87,28.41,0.36,6.905,F6.8,0.019397,0.02,0.942,nan,Gaia DR3
Gaia DR3 5554669525902464000,94.2595093,-47.4952731,14.082,1.958,2.486,7.1298,19.0461,30.21,14.60,5.79,6.757,M0.5,0.000284,0.29,1.033,0.016,Gaia DR3
Gaia DR3 5550352430935336832,95.0737354,-49.8656421,17.536,3.076,3.894,7.0130,19.1204,30.24,nan,nan,6.435,M4.3,0.000484,nan,0.938,nan,None
Gaia DR3 5503827730278739328,106.4176824,-52.5674545,9.445,0.614,1.074,5.6472,19.1495,29.61,-4.75,0.22,7.185,F5.5,nan,0.00,2.329,nan,Gaia DR3
Gaia DR3 5506735629297940608,114.3165556,-47.1574251,16.246,2.797,2.422,6.5107,19.1946,28.66,nan,nan,7.021,M3.7,nan,nan,1.019,nan,None
Gaia DR3 5570011904999096832,98.1173171,-41.9625533,17.763,3.368,4.513,6.9230,19.2344,29.66,nan,nan,6.903,M5.0,nan,nan,1.016,nan,None
Gaia DR3 5503827695919003904,106.4007215,-52.5675342,16.451,2.868,2.497,5.6452,19.2378,29.61,nan,nan,7.193,M3.8,nan,nan,1.061,nan,None
Gaia DR3 5511859147324841088,111.4897555,-44.5044056,17.487,3.208,3.585,5.3315,19.2493,28.76,nan,nan,6.086,M4.6,nan,nan,1.054,nan,None
Gaia DR3 5563765785600697472,103.8836827,-40.5052550,13.497,1.738,3.317,6.5479,19.3182,29.10,32.34,1.34,7.026,K7.2,0.000073,0.04,1.041,nan,Gaia DR3
Gaia DR3 5561018071686010368,109.0718591,-41.8177307,9.590,0.663,4.986,6.0498,19.3377,28.76,29.01,0.95,7.133,F6.7,0.016927,0.04,1.055,0.063,Gaia DR3
Gaia DR3 5502614522274963584,98.1011974,-51.1709510,9.028,0.454,0.326,6.0084,19.3807,30.12,31.44,1.01,6.168,F1.3,0.013887,0.01,0.929,nan,Gaia DR3
Gaia DR3 5557674113225297792,104.2540047,-46.5669553,15.811,2.569,4.704,0.5688,19.4119,29.58,nan,nan,5.840,M3.2,nan,nan,1.038,nan,None
Gaia DR3 5510218675975376512,110.4081262,-47.1599938,14.349,2.082,1.959,3.8539,19.4398,29.08,80.77,2.37,7.408,M1.0,nan,0.21,1.057,nan,Gaia DR3
Gaia DR3 5556405409949380352,96.1464909,-45.8803878,18.689,3.200,1.529,6.0333,19.4463,30.05,nan,nan,6.167,M4.6,nan,nan,0.970,nan,None
Gaia DR3 5569514062453361664,100.6541070,-41.5842918,19.268,3.644,3.752,6.1764,19.5048,29.46,nan,nan,7.125,M5.5,nan,nan,1.078,nan,None
Gaia DR3 5569314299230776576,99.7445503,-42.5478956,14.625,2.058,3.873,5.7115,19.5187,29.61,41.04,9.88,6.117,M0.9,nan,0.21,1.053,nan,Gaia DR3
Gaia DR3 5552557737726292480,101.7976610,-46.7083279,17.412,2.958,3.410,2.0428,19.7621,29.77,nan,nan,7.531,M4.0,nan,nan,1.024,nan,None
Gaia DR3 5502765941346398336,98.6373746,-50.7848399,18.147,3.827,3.855,5.5004,19.7977,30.09,nan,nan,6.075,M5.8,nan,nan,1.052,nan,None
Gaia DR3 5564380446961164928,107.9751540,-40.3488911,13.205,1.569,1.824,7.0686,19.8316,28.70,7.30,1.04,6.355,K5.4,nan,0.04,1.060,nan,Gaia DR3
Gaia DR3 5505975415786833408,111.1637533,-49.7653286,8.979,0.515,1.816,5.0625,19.8371,29.14,27.79,0.81,6.027,F2.9,nan,0.01,1.639,nan,Gaia DR3
Gaia DR3 5505449883589986688,107.2304354,-49.7896904,19.878,2.715,2.396,3.2189,19.8442,29.49,nan,nan,5.898,M3.5,nan,nan,1.099,nan,None
Gaia DR3 5569348727688934272,99.0022814,-42.6096013,13.249,1.693,0.467,6.0054,19.8442,29.66,16.30,1.17,7.186,K5.9,nan,0.06,0.935,nan,Gaia DR3
Gaia DR3 5569518361716968192,100.4985017,-41.4851473,17.319,3.063,0.724,6.3178,19.8982,29.46,nan,nan,7.135,M4.3,nan,nan,0.964,nan,None
Gaia DR3 5576038736251448960,102.4837396,-39.8874927,17.734,3.111,4.965,7.3221,19.9149,29.14,nan,nan,6.438,M4.4,nan,nan,1.050,nan,None
Gaia DR3 5569839689694479872,96.4486807,-42.9546293,18.074,2.787,0.947,7.1368,20.0342,29.84,nan,nan,6.352,M3.7,0.006342,-0.04,1.014,nan,None
Gaia DR3 5490860841757256960,109.6341310,-53.9507712,17.872,-0.016,1.610,7.5881,20.0665,29.36,nan,nan,6.671,A0.5,nan,nan,0.972,nan,None
Gaia DR3 5503719767682436096,105.7884452,-52.9048850,18.784,3.202,4.333,5.9192,20.0872,29.66,nan,nan,7.220,M4.6,nan,nan,0.963,nan,None
Gaia DR3 5550588035661403008,96.0324071,-49.0533262,15.392,2.594,1.076,6.1678,20.1490,30.18,41.20,8.85,7.185,M3.3,nan,0.26,1.082,nan,Gaia DR3
Gaia DR3 5501214805317729152,98.8789809,-53.3145773,18.496,3.507,4.998,7.3238,20.2452,30.08,nan,nan,6.910,M5.3,nan,nan,0.938,nan,None
Gaia DR3 5567538205698370304,95.0512827,-43.9383369,18.756,3.656,4.002,7.4604,20.2685,29.98,nan,nan,6.853,M5.6,nan,nan,1.012,nan,None
Gaia DR3 5552384603301755264,100.0391654,-47.8888382,16.752,2.826,1.363,3.3000,20.3407,29.94,nan,nan,5.882,M3.7,nan,nan,0.991,nan,None
Gaia DR3 5506372202046105472,114.4418478,-48.6646557,12.470,1.223,1.335,6.7035,20.3495,28.74,6.88,0.89,6.218,K3.1,nan,-0.04,0.944,nan,Gaia DR3
Gaia DR3 5563778189466432512,104.8838686,-40.8228111,15.456,2.428,1.653,6.2013,20.3526,29.05,15.39,3.25,6.134,M2.8,nan,nan,0.998,nan,Gaia DR3
Gaia DR3 5500838536124246016,96.5949796,-52.5027784,12.719,1.336,2.332,7.5918,20.5249,30.19,34.26,10.33,6.457,K4.1,nan,0.11,1.116,0.021,Gaia DR3
Gaia DR3 5564767608195203968,108.3596514,-39.9330659,18.449,3.533,0.386,7.5565,20.7232,28.61,nan,nan,6.407,M5.4,nan,nan,1.039,nan,None
Gaia DR3 5552836124623762176,101.7284845,-45.9981070,15.544,2.788,0.834,2.3182,20.8449,29.73,31.59,6.36,7.585,M3.7,nan,0.08,1.045,nan,Gaia DR3
Gaia DR3 5550434104033109504,94.0710638,-49.9157843,17.480,3.136,3.275,7.6396,20.8757,30.28,nan,nan,6.886,M4.4,nan,nan,1.027,nan,None
Gaia DR3 5565392306895937920,105.8330932,-39.1534900,12.251,1.424,4.558,7.9093,20.9241,28.76,32.20,3.61,6.603,K4.8,0.000379,0.08,3.317,0.041,Gaia DR3
Gaia DR3 5552518640641540864,101.2601755,-47.2091557,16.460,2.914,0.254,2.3818,20.9640,29.83,nan,nan,7.590,M3.9,nan,nan,0.992,nan,None
Gaia DR3 5562230794352613888,101.9952390,-43.9744667,19.156,3.491,3.559,3.6083,21.0374,29.58,nan,nan,5.871,M5.3,nan,nan,1.837,nan,None
Gaia DR3 5491101501662087040,106.1910827,-54.9494876,15.446,2.558,3.820,7.9774,21.0841,29.62,nan,nan,6.670,M3.2,nan,0.26,1.023,nan,None
Gaia DR3 5504950778327444224,105.8374267,-51.0347364,12.713,1.767,4.383,4.0741,21.2603,29.64,26.42,0.88,7.509,K7.4,nan,0.04,14.195,nan,Gaia DR3
Gaia DR3 5567083591999138688,93.1067929,-46.1039851,16.523,2.947,2.913,8.0502,21.3601,30.19,nan,nan,6.738,M4.0,nan,nan,1.064,nan,None
Gaia DR3 5570679927032335616,97.7374671,-40.6637734,13.084,1.737,3.406,8.1184,21.4624,29.55,-6.41,22.21,6.685,K7.2,nan,0.09,2.138,nan,Gaia DR3
Gaia DR3 5492056938610162304,110.4799073,-52.0249073,11.869,1.211,3.745,6.2289,21.5057,29.27,29.70,2.03,6.068,K3.0,nan,0.07,1.924,0.035,Gaia DR3
Gaia DR3 5491586553792514432,109.2579309,-54.0444973,19.078,3.190,3.375,7.5795,21.5309,29.39,nan,nan,6.311,M4.6,0.006109,nan,0.950,nan,None
Gaia DR3 5584753224895024768,111.7496887,-40.6845367,17.983,3.442,3.150,8.0961,21.7203,28.33,nan,nan,6.822,M5.2,nan,nan,1.104,nan,None
Gaia DR3 5493535957842082048,113.2454119,-50.8067054,18.432,3.355,2.957,6.7377,21.7460,28.97,nan,nan,6.124,M5.0,nan,nan,0.975,nan,None
Gaia DR3 5509106275147167872,103.4980026,-48.9855102,17.785,3.452,4.750,2.1334,21.8617,29.75,nan,nan,5.784,M5.2,nan,nan,1.191,nan,None
Gaia DR3 5569040383396115328,96.6918219,-43.3960363,15.635,2.926,1.051,6.7317,21.8697,29.86,45.78,4.88,7.239,M3.9,nan,0.43,6.941,nan,Gaia DR3
Gaia DR3 5504173148728443520,109.2141408,-51.5988493,9.385,0.536,2.178,5.4204,21.8701,29.37,23.65,2.25,5.963,F3.7,nan,0.01,1.028,nan,Gaia DR3
Gaia DR3 5498209844334462720,99.5253145,-54.0357478,16.784,2.920,3.422,7.7540,21.8733,30.04,nan,nan,6.323,M3.9,nan,nan,0.998,nan,None
Gaia DR3 5501176635943983104,98.0994563,-53.8057298,12.987,1.541,3.195,7.9897,21.8798,30.11,12.97,0.86,6.913,K5.4,nan,0.05,1.084,nan,Gaia DR3
Gaia DR3 5555572877784492032,96.6068870,-46.4447661,16.466,2.806,3.920,5.6084,21.9003,30.06,nan,nan,5.979,M3.7,nan,0.71,0.929,nan,None
Gaia DR3 5498353330602152064,101.4714278,-53.9467098,16.873,2.470,3.318,7.2287,22.0592,29.94,nan,nan,6.185,M2.9,nan,1.46,0.971,nan,None
Gaia DR3 5585594527387927168,111.0691728,-40.0412189,15.104,2.366,0.587,8.3447,22.1904,28.33,nan,nan,6.543,M2.6,nan,0.33,1.092,nan,None
Gaia DR3 5557642467906591744,104.9801832,-46.5135792,16.448,2.707,3.298,0.5336,22.2543,29.52,nan,nan,5.744,M3.5,nan,nan,1.084,nan,None
Gaia DR3 5500737033155383552,96.2089165,-53.1913449,19.208,3.216,0.448,8.2379,22.3634,30.20,nan,nan,6.432,M4.6,nan,nan,1.016,nan,None
Gaia DR3 5552288327314611328,98.8057591,-47.4641143,17.554,2.949,2.964,4.0583,22.3861,29.99,nan,nan,5.843,M4.0,nan,nan,1.005,nan,None
Gaia DR3 5568246359905541120,93.9545837,-44.0367474,15.904,2.359,2.475,8.1223,22.4230,30.03,nan,nan,6.375,M2.6,nan,nan,0.959,nan,None
Gaia DR3 5576587465569587456,99.7803370,-40.0486039,17.326,3.207,1.820,7.8462,22.4360,29.36,nan,nan,7.048,M4.6,nan,nan,1.008,nan,None
Gaia DR3 5549431035895111424,95.8562856,-50.9299791,17.701,3.078,2.823,7.0166,22.4540,30.22,nan,nan,6.120,M4.3,nan,nan,1.009,nan,None
Gaia DR3 5584512917184072832,112.9940956,-40.9930999,16.807,2.790,3.760,8.4482,22.4541,28.22,nan,nan,6.547,M3.7,nan,nan,0.945,nan,None
Gaia DR3 5570347118607380736,96.6442107,-40.9098681,16.049,2.610,4.470,8.4416,22.4798,29.64,nan,nan,6.532,M3.3,nan,0.35,2.139,nan,None
Gaia DR3 5500781735175024000,96.6715536,-52.7404769,11.307,1.053,4.787,7.7225,22.4812,30.19,7.61,0.31,7.088,K1.7,nan,-0.00,0.853,nan,Gaia DR3
Gaia DR3 5562160631765148032,103.4334374,-43.5716630,16.885,2.883,4.918,3.5736,22.4866,29.43,nan,nan,7.623,M3.9,0.001129,nan,1.159,nan,None
Gaia DR3 5552197785108532864,97.0777847,-47.8590524,19.600,3.309,0.909,5.2536,22.4918,30.10,nan,nan,7.487,M4.9,nan,nan,1.076,nan,None
Gaia DR3 5553489887364727424,92.5920284,-48.4924375,15.631,2.506,1.582,8.2949,22.5039,30.30,44.17,7.10,6.434,M3.0,nan,0.35,1.072,nan,Gaia DR3
Gaia DR3 5570189093872802432,96.0665367,-41.8719937,12.180,1.099,2.731,8.0515,22.5664,29.76,37.64,0.58,6.333,K2.0,0.000660,0.05,1.032,nan,Gaia DR3
Gaia DR3 5497430221869610752,104.0341643,-54.2937936,18.224,3.311,3.533,7.2845,22.5682,29.77,nan,nan,6.157,M4.9,0.005581,nan,1.067,nan,None
Gaia DR3 5562531515079338240,104.5292355,-42.9882112,17.506,3.040,1.653,4.0382,22.6253,29.30,nan,nan,5.833,M4.2,nan,nan,0.941,nan,None
Gaia DR3 5569759876318219392,99.5377583,-41.2318820,16.350,2.778,4.964,6.8911,22.6475,29.50,nan,nan,6.089,M3.7,nan,nan,1.028,nan,None
Gaia DR3 5510508088052417024,108.8884211,-46.7972047,17.641,2.803,4.643,2.8359,22.6567,29.20,nan,nan,5.778,M3.7,nan,nan,0.980,nan,None
Gaia DR3 5518387188375720960,117.0794737,-47.7744083,20.195,2.930,0.618,8.3705,22.6609,28.38,nan,nan,6.442,M4.0,nan,nan,1.072,nan,None
Gaia DR3 5504436413040879872,110.2101684,-50.3444828,19.540,3.305,2.569,4.8992,22.7080,29.25,nan,nan,5.884,M4.9,nan,nan,1.071,nan,None
Gaia DR3 5505975420085714688,111.1722060,-49.7596907,15.862,2.493,3.127,5.0644,22.7149,29.14,nan,nan,5.895,M3.0,nan,0.01,1.133,nan,None
Gaia DR3 5568226396897228672,93.0380074,-44.3284053,17.067,2.930,1.347,8.6057,22.7681,30.08,nan,nan,6.721,M4.0,nan,nan,1.005,nan,None
Gaia DR3 5498567735369575552,102.8999359,-52.7413025,16.467,2.815,2.231,5.8403,22.7807,29.86,nan,nan,7.443,M3.7,nan,nan,1.036,nan,None
Gaia DR3 5575983077771827584,100.8472927,-39.1931455,6.256,0.326,3.611,8.3296,22.7881,29.19,10.34,1.40,6.402,A8.9,nan,0.02,6.422,nan,Gaia DR3
Gaia DR3 5565481706639265664,106.0207339,-39.2282208,19.604,2.858,4.758,7.8498,22.8026,28.76,nan,nan,6.253,M3.8,nan,nan,1.024,nan,None
Gaia DR3 5492809111940877696,115.6788968,-51.9292986,20.054,0.630,3.144,8.6169,22.8175,28.76,nan,nan,6.586,F5.8,nan,nan,1.052,nan,None
Gaia DR3 5565685185008197888,104.5485728,-38.7797522,12.170,1.201,1.594,8.2449,22.9436,28.83,30.42,0.89,6.988,K2.9,0.000686,0.07,0.938,nan,Gaia DR3
Gaia DR3 5492384249479178112,113.9840665,-52.5528398,18.942,3.439,2.350,8.1197,22.9487,28.95,nan,nan,7.032,M5.2,nan,nan,1.034,nan,None
Gaia DR3 5508896788120942848,108.0272086,-47.8784431,12.503,1.333,1.362,2.3752,23.0063,29.34,27.64,1.10,5.751,K4.1,nan,2.07,12.268,nan,Gaia DR3
Gaia DR3 5555572809065015168,96.6075557,-46.4462788,16.300,2.756,4.090,5.6077,23.0407,30.06,nan,nan,5.925,M3.6,nan,0.71,1.014,nan,None
Gaia DR3 5491666203962574080,108.4160797,-53.6678038,6.686,-0.075,2.007,7.0419,23.0752,29.46,nan,nan,6.084,B8.7,nan,-0.07,0.887,nan,None
Gaia DR3 5497163654724690176,100.1196454,-55.0088908,19.006,3.837,3.251,8.4955,23.0876,29.99,nan,nan,6.425,M5.8,nan,nan,1.016,nan,None
Gaia DR3 5564140989647213824,103.8162329,-39.4619386,18.005,2.926,4.340,7.5918,23.1024,28.98,nan,nan,6.173,M3.9,nan,nan,0.933,nan,None
Gaia DR3 5530653851195641472,116.4616621,-46.6141506,18.899,3.255,4.152,8.0174,23.1202,28.37,nan,nan,7.085,M4.7,nan,nan,1.022,nan,None
Gaia DR3 5497492069400296832,101.8758055,-54.8468468,14.347,2.208,1.288,8.0286,23.2035,29.90,25.76,2.92,7.093,M1.7,nan,0.16,2.019,nan,Gaia DR3
Gaia DR3 5530884787292480128,117.0472785,-45.9107570,19.600,3.884,2.855,8.5338,23.2255,28.24,nan,nan,6.418,M5.9,nan,nan,1.048,nan,None
Gaia DR3 5502165161321519488,102.5997012,-50.6466108,15.757,2.453,2.781,3.8894,23.2295,29.86,nan,nan,5.802,M2.9,nan,nan,1.104,nan,None
Gaia DR3 5549036693474707072,94.7404247,-52.1950851,10.637,0.772,2.708,8.2829,23.2310,30.27,26.90,0.30,6.325,F9.7,nan,0.02,0.893,nan,Gaia DR3
Gaia DR3 5560197281955532800,109.0997128,-42.6218720,16.852,2.509,3.693,5.3732,23.2512,28.84,nan,nan,5.896,M3.1,nan,nan,1.068,nan,None
Gaia DR3 5557328729135134336,100.4525917,-42.9318792,17.157,2.486,1.323,5.0954,23.3790,29.60,nan,nan,5.869,M3.0,nan,nan,1.039,nan,None
Gaia DR3 5509457710848802304,104.7041821,-47.8611612,16.496,2.951,4.666,0.8384,23.3860,29.62,nan,nan,5.710,M4.0,nan,nan,7.962,nan,None
Gaia DR3 5518515792582275584,117.7879929,-47.3407845,17.688,3.120,4.483,8.8570,23.3909,28.26,nan,nan,6.687,M4.4,nan,nan,1.081,nan,None
Gaia DR3 5566630288267432576,92.4560304,-46.7760749,17.099,3.012,3.691,8.3951,23.4262,30.24,nan,nan,6.337,M4.1,nan,nan,0.938,nan,None
Gaia DR3 5554604070600782720,93.1159501,-46.9330583,17.194,2.936,2.804,7.9308,23.4554,30.22,nan,nan,6.213,M4.0,nan,nan,1.096,nan,None
Gaia DR3 5556139603013480448,99.6265365,-44.6697227,20.037,2.751,4.525,4.2737,23.4741,29.79,nan,nan,5.813,M3.6,nan,nan,1.111,nan,None
Gaia DR3 5555382971510456064,99.1500184,-46.4676081,8.832,0.527,0.887,3.8764,23.5313,29.92,33.04,0.44,7.671,F3.3,0.012815,-0.02,1.000,nan,Gaia DR3
Gaia DR3 5570512148429612544,98.5660228,-40.5223426,15.005,2.344,1.384,7.8811,23.5770,29.49,11.65,6.15,6.192,M2.5,nan,0.22,4.086,nan,Gaia DR3
Gaia DR3 5571729273441744512,94.4229255,-42.0808518,17.959,3.228,0.707,8.8533,23.6014,29.86,nan,nan,6.522,M4.7,nan,nan,1.037,nan,None
Gaia DR3 5498233685696080512,100.4654440,-53.6976314,10.362,0.786,1.671,7.2090,23.6399,30.00,-7.39,0.27,7.316,G0.2,nan,0.00,1.195,nan,Gaia DR3
Gaia DR3 5518525104067434240,117.9282175,-47.1563407,17.936,3.222,1.245,8.9628,23.6649,28.23,nan,nan,6.650,M4.7,nan,nan,0.953,nan,None
Gaia DR3 5566896748038703488,91.7652220,-46.0886717,11.677,1.025,2.632,8.9671,23.6748,30.23,28.96,0.48,6.655,K1.3,0.001628,0.02,0.886,nan,Gaia DR3
Gaia DR3 5555497866178865664,96.5894036,-46.8057263,17.774,3.198,4.171,5.5760,23.6887,30.08,nan,nan,5.893,M4.6,nan,nan,0.925,nan,None
Gaia DR3 5550121945809910016,93.2501179,-49.8426817,15.765,2.627,0.429,8.1240,23.7467,30.31,nan,nan,7.133,M3.3,nan,0.38,12.517,nan,None
Gaia DR3 5505494830424432512,107.6328865,-49.3484030,9.425,0.604,4.372,3.0162,23.8048,29.44,nan,nan,5.744,F5.3,nan,0.00,25.951,nan,None
Gaia DR3 5505736787404784384,111.0336851,-50.4060060,17.092,2.866,4.271,5.3478,23.8623,29.17,nan,nan,5.867,M3.8,nan,nan,1.865,nan,None
Gaia DR3 5507240408214943360,111.5523537,-47.4634057,19.552,3.160,2.517,4.6375,23.8629,28.98,nan,nan,5.819,M4.5,nan,nan,0.980,nan,None
Gaia DR3 5556187642224047104,101.0395859,-44.5921848,15.904,2.802,3.153,3.5488,23.8805,29.69,nan,nan,7.714,M3.7,nan,0.32,1.072,nan,None
Gaia DR3 5553642410243778816,94.9379337,-48.8659339,13.566,1.769,1.076,6.8203,23.8835,30.22,29.19,2.90,7.399,K7.4,0.000243,0.16,1.062,nan,Gaia DR3
Gaia DR3 5499936730426293120,96.6718820,-53.5770436,15.647,2.643,2.558,8.3303,23.9071,30.18,nan,nan,6.265,M3.4,nan,0.11,1.328,nan,None
Gaia DR3 5550174516209689984,94.8845539,-50.4398362,18.974,3.773,2.076,7.3412,23.9311,30.26,nan,nan,6.074,M5.8,nan,nan,1.164,nan,None
Gaia DR3 5569041792145391616,96.7129427,-43.4000671,15.266,2.831,1.069,6.7168,23.9820,29.86,50.09,9.27,7.422,M3.8,nan,0.38,1.150,nan,Gaia DR3
Gaia DR3 5565418759596910592,104.9868719,-39.3506018,12.733,1.406,1.537,7.6747,23.9828,28.87,31.84,10.01,7.261,K4.7,0.000512,0.15,1.038,0.028,Gaia DR3
Gaia DR3 5568118855213002496,92.8554328,-43.7263583,12.850,1.569,4.741,8.9709,24.0735,30.05,27.53,1.61,6.479,K5.4,nan,0.08,6.110,0.014,Gaia DR3
Gaia DR3 5570519192176370816,98.1904021,-40.5674669,13.262,1.499,3.415,7.9997,24.1795,29.52,29.80,1.53,6.167,K5.2,nan,-0.01,0.966,nan,Gaia DR3
Gaia DR3 5550291442399617280,95.6617840,-49.9950671,17.741,3.231,0.919,6.7082,24.1994,30.22,nan,nan,5.977,M4.7,nan,nan,6.624,nan,None
Gaia DR3 5561645308709630976,110.6036851,-39.7233082,17.277,2.452,0.853,8.4439,24.2292,28.34,nan,nan,6.262,M2.9,nan,1.63,11.817,nan,None
Gaia DR3 5491666203962574208,108.4164190,-53.6722690,17.314,2.681,1.383,7.0461,24.2447,29.46,nan,nan,6.015,M3.5,nan,nan,1.093,nan,None
Gaia DR3 5497720836538837760,103.2625490,-53.4924583,17.218,2.860,1.673,6.5382,24.3219,29.83,nan,nan,5.953,M3.8,0.004159,nan,0.955,nan,None
Gaia DR3 5503349300983568000,101.7094001,-48.9443353,9.685,0.572,3.982,2.7981,24.3447,29.87,26.28,1.28,5.718,F4.7,0.023006,0.02,2.112,nan,Gaia DR3
Gaia DR3 5500734868491020672,96.0220804,-53.2671609,15.690,2.488,3.422,8.3707,24.3564,30.21,nan,nan,6.231,M3.0,nan,0.35,1.017,nan,None
Gaia DR3 5573373799239617792,96.3147349,-40.4538705,13.239,1.533,3.989,8.9507,24.3631,29.61,32.70,1.66,6.412,K5.3,nan,0.05,1.015,nan,Gaia DR3
Gaia DR3 5550008111996883840,92.1141148,-50.7396498,17.154,3.061,1.069,9.0874,24.3726,30.35,nan,nan,6.481,M4.3,nan,nan,1.055,nan,None
Gaia DR3 5562670362782210688,105.8338417,-42.2063070,11.959,1.156,2.450,4.8783,24.3840,29.11,-3.66,0.67,5.813,K2.4,0.000610,0.02,8.049,nan,Gaia DR3
Gaia DR3 5553138318521931136,92.6669845,-49.6439767,16.978,3.094,1.673,8.4382,24.4156,30.32,nan,nan,7.129,M4.3,nan,nan,1.004,nan,None
Gaia DR3 5553080555504933120,91.7233438,-50.3772814,12.275,1.206,3.033,9.2132,24.4420,30.36,28.71,1.04,6.562,K3.0,0.000445,-0.00,1.053,nan,Gaia DR3
Gaia DR3 5491223199557621248,108.4955304,-54.0759598,16.818,2.796,1.544,7.4407,24.4444,29.45,nan,nan,6.056,M3.7,nan,nan,0.978,nan,None
Gaia DR3 5568662391914578304,94.7726561,-42.3800457,16.851,3.031,4.388,8.4664,24.4917,29.87,nan,nan,6.242,M4.2,nan,nan,1.037,nan,None
Gaia DR3 5576191843245311744,103.2976225,-38.8454843,18.807,3.615,3.332,8.2463,24.5585,28.95,nan,nan,6.186,M5.5,nan,nan,0.935,nan,None
Gaia DR3 5499885495759524352,95.8009222,-54.1468468,17.866,3.537,4.061,9.0974,24.5984,30.20,nan,nan,6.439,M5.4,nan,nan,0.992,nan,None
Gaia DR3 5568159330984829056,93.2317448,-44.5845408,15.763,2.659,3.088,8.3826,24.6078,30.09,nan,nan,7.167,M3.4,nan,nan,0.956,nan,None
Gaia DR3 5550712486633682048,97.1885326,-50.7391424,14.839,2.220,3.987,6.2024,24.6121,30.16,3.62,3.50,7.539,M1.8,nan,0.10,1.082,nan,Gaia DR3
Gaia DR3 5576722602420213504,99.8755206,-38.7195013,16.064,2.839,2.176,9.0350,24.6582,29.20,nan,nan,6.957,M3.8,nan,nan,3.465,nan,None
Gaia DR3 5551590343589621376,100.6678262,-48.1249611,14.809,2.081,2.755,2.9656,24.6853,29.91,21.86,9.28,5.712,M1.0,nan,0.17,1.089,nan,Gaia DR3
Gaia DR3 5584708969553938432,112.8253700,-39.9308592,19.677,0.542,3.634,9.1899,24.7432,28.11,nan,nan,6.459,F3.9,nan,nan,1.040,nan,None
Gaia DR3 5490020677434162944,107.4925796,-56.1506801,17.567,3.361,3.563,9.2831,24.7439,29.50,nan,nan,6.829,M5.0,0.002052,nan,0.924,nan,None
Gaia DR3 5556294775887954048,101.5205348,-43.8026192,8.746,0.505,0.972,3.9378,24.7799,29.60,31.52,0.39,7.749,F2.5,0.009738,-0.00,0.964,nan,Gaia DR3
Gaia DR3 5570319592159582208,96.7165461,-41.3575077,17.491,3.258,2.151,8.0716,24.8642,29.68,nan,nan,6.129,M4.8,0.011051,nan,1.057,nan,None
Gaia DR3 5567437737823807744,94.7170667,-44.8143571,19.986,2.459,0.714,7.3147,24.8973,30.05,nan,nan,6.012,M2.9,nan,nan,1.119,nan,None
Gaia DR3 5552285952197375104,99.4373584,-47.2586838,17.451,3.219,0.563,3.6205,24.9237,29.95,nan,nan,7.778,M4.7,nan,nan,1.147,nan,None
Gaia DR3 5506503597984732288,113.0713244,-48.5592621,11.832,1.153,2.358,5.7944,24.9258,28.89,31.66,0.46,7.607,K2.4,nan,0.08,0.931,nan,Gaia DR3
Gaia DR3 5569652394759142144,99.0765979,-41.6941188,18.098,3.562,4.916,6.6934,24.9527,29.57,nan,nan,7.504,M5.4,nan,nan,0.986,nan,None
Gaia DR3 5484245599985272704,104.8770082,-56.3045610,15.078,2.438,1.345,9.2815,24.9747,29.68,51.45,7.95,6.895,M2.8,nan,0.24,1.005,nan,Gaia DR3
